1453665698825,362,HTTP Request,200,OK,Objectify: read all entities 1-1,text,true,30073,301
1453665699204,238,HTTP Request,200,OK,Objectify: read all entities 1-1,text,true,30073,209
1453665699453,220,HTTP Request,200,OK,Objectify: read all entities 1-1,text,true,30073,212
1453665699685,222,HTTP Request,200,OK,Objectify: read all entities 1-1,text,true,30073,216
1453665699918,227,HTTP Request,200,OK,Objectify: read all entities 1-1,text,true,30073,227
1453665700157,254,HTTP Request,200,OK,Objectify: read all entities 1-1,text,true,30073,238
1453665700423,240,HTTP Request,200,OK,Objectify: read all entities 1-1,text,true,30073,236
1453665700676,227,HTTP Request,200,OK,Objectify: read all entities 1-1,text,true,30073,224
1453665700915,219,HTTP Request,200,OK,Objectify: read all entities 1-1,text,true,30073,217
1453665701148,215,HTTP Request,200,OK,Objectify: read all entities 1-1,text,true,30073,213
1453665701376,329,HTTP Request,200,OK,Objectify: read all entities 1-1,text,true,30074,325
1453665701719,244,HTTP Request,200,OK,Objectify: read all entities 1-1,text,true,30073,238
1453665701977,251,HTTP Request,200,OK,Objectify: read all entities 1-1,text,true,30073,248
1453665702246,219,HTTP Request,200,OK,Objectify: read all entities 1-1,text,true,30073,218
1453665702480,224,HTTP Request,200,OK,Objectify: read all entities 1-1,text,true,30073,217
1453665702720,225,HTTP Request,200,OK,Objectify: read all entities 1-1,text,true,30073,220
1453665702961,220,HTTP Request,200,OK,Objectify: read all entities 1-1,text,true,30073,217
1453665703197,252,HTTP Request,200,OK,Objectify: read all entities 1-1,text,true,30073,250
1453665703465,215,HTTP Request,200,OK,Objectify: read all entities 1-1,text,true,30073,213
1453665703698,316,HTTP Request,200,OK,Objectify: read all entities 1-1,text,true,30073,315
