1454955837143,1264,HTTP Request,200,OK,Objectify: read all entities 1-1,text,true,161490,1143
1454955838413,1436,HTTP Request,200,OK,Objectify: read all entities 1-1,text,true,161491,1375
1454955839859,1136,HTTP Request,200,OK,Objectify: read all entities 1-1,text,true,161490,1099
1454955841007,1087,HTTP Request,200,OK,Objectify: read all entities 1-1,text,true,161490,1046
1454955842106,992,HTTP Request,200,OK,Objectify: read all entities 1-1,text,true,161490,954
1454955843110,1098,HTTP Request,200,OK,Objectify: read all entities 1-1,text,true,161490,1058
1454955844220,1485,HTTP Request,200,OK,Objectify: read all entities 1-1,text,true,161491,1454
1454955845720,1114,HTTP Request,200,OK,Objectify: read all entities 1-1,text,true,161490,1061
1454955846847,1144,HTTP Request,200,OK,Objectify: read all entities 1-1,text,true,161490,1108
1454955848002,1123,HTTP Request,200,OK,Objectify: read all entities 1-1,text,true,161490,1081
1454955849133,1080,HTTP Request,200,OK,Objectify: read all entities 1-1,text,true,161490,1053
1454955850224,1523,HTTP Request,200,OK,Objectify: read all entities 1-1,text,true,161491,1446
1454955851759,1070,HTTP Request,200,OK,Objectify: read all entities 1-1,text,true,161490,1021
1454955852841,1084,HTTP Request,200,OK,Objectify: read all entities 1-1,text,true,161490,1024
1454955853938,1110,HTTP Request,200,OK,Objectify: read all entities 1-1,text,true,161490,1043
1454955855063,1081,HTTP Request,200,OK,Objectify: read all entities 1-1,text,true,161490,1025
1454955856161,1367,HTTP Request,200,OK,Objectify: read all entities 1-1,text,true,161491,1302
1454955857544,961,HTTP Request,200,OK,Objectify: read all entities 1-1,text,true,161490,919
1454955858513,1033,HTTP Request,200,OK,Objectify: read all entities 1-1,text,true,161490,967
1454955859560,864,HTTP Request,200,OK,Objectify: read all entities 1-1,text,true,161490,818
