1454959677069,1344,HTTP Request,200,OK,Objectify: read all entities 1-1,text,true,151690,1173
1454959678425,1058,HTTP Request,200,OK,Objectify: read all entities 1-1,text,true,151690,1019
1454959679510,1092,HTTP Request,200,OK,Objectify: read all entities 1-1,text,true,151690,1047
1454959680614,1473,HTTP Request,200,OK,Objectify: read all entities 1-1,text,true,151691,1441
1454959682100,875,HTTP Request,200,OK,Objectify: read all entities 1-1,text,true,151690,837
1454959682992,881,HTTP Request,200,OK,Objectify: read all entities 1-1,text,true,151690,861
1454959683886,1102,HTTP Request,200,OK,Objectify: read all entities 1-1,text,true,151690,1085
1454959685000,1066,HTTP Request,200,OK,Objectify: read all entities 1-1,text,true,151690,1053
1454959686078,1500,HTTP Request,200,OK,Objectify: read all entities 1-1,text,true,151691,1464
1454959687593,875,HTTP Request,200,OK,Objectify: read all entities 1-1,text,true,151690,856
1454959688481,910,HTTP Request,200,OK,Objectify: read all entities 1-1,text,true,151690,871
1454959689405,879,HTTP Request,200,OK,Objectify: read all entities 1-1,text,true,151690,849
1454959690298,861,HTTP Request,200,OK,Objectify: read all entities 1-1,text,true,151690,840
1454959691174,890,HTTP Request,200,OK,Objectify: read all entities 1-1,text,true,151690,868
1454959692079,1480,HTTP Request,200,OK,Objectify: read all entities 1-1,text,true,151691,1458
1454959693574,1137,HTTP Request,200,OK,Objectify: read all entities 1-1,text,true,151690,1098
1454959694728,1071,HTTP Request,200,OK,Objectify: read all entities 1-1,text,true,151690,1038
1454959695815,977,HTTP Request,200,OK,Objectify: read all entities 1-1,text,true,151690,947
1454959696807,1065,HTTP Request,200,OK,Objectify: read all entities 1-1,text,true,151690,1035
1454959697890,1522,HTTP Request,200,OK,Objectify: read all entities 1-1,text,true,151691,1480
