1453665272707,955,HTTP Request,200,OK,Objectify: read all entities 1-1,text,true,192765,855
1453665273667,749,HTTP Request,200,OK,Objectify: read all entities 1-1,text,true,192765,695
1453665274427,758,HTTP Request,200,OK,Objectify: read all entities 1-1,text,true,192765,730
1453665275196,1231,HTTP Request,200,OK,Objectify: read all entities 1-1,text,true,192765,1166
1453665276439,708,HTTP Request,200,OK,Objectify: read all entities 1-1,text,true,192765,641
1453665277161,746,HTTP Request,200,OK,Objectify: read all entities 1-1,text,true,192765,686
1453665277920,818,HTTP Request,200,OK,Objectify: read all entities 1-1,text,true,192765,735
1453665278753,2091,HTTP Request,200,OK,Objectify: read all entities 1-1,text,true,192765,2012
1453665280859,1288,HTTP Request,200,OK,Objectify: read all entities 1-1,text,true,192765,696
1453665282163,1131,HTTP Request,200,OK,Objectify: read all entities 1-1,text,true,192765,1014
1453665283309,735,HTTP Request,200,OK,Objectify: read all entities 1-1,text,true,192765,666
1453665284060,743,HTTP Request,200,OK,Objectify: read all entities 1-1,text,true,192765,684
1453665284811,722,HTTP Request,200,OK,Objectify: read all entities 1-1,text,true,192765,651
1453665285550,778,HTTP Request,200,OK,Objectify: read all entities 1-1,text,true,192765,715
1453665286350,777,HTTP Request,200,OK,Objectify: read all entities 1-1,text,true,192765,707
1453665287147,1327,HTTP Request,200,OK,Objectify: read all entities 1-1,text,true,192765,1232
1453665288491,732,HTTP Request,200,OK,Objectify: read all entities 1-1,text,true,192765,636
1453665289244,802,HTTP Request,200,OK,Objectify: read all entities 1-1,text,true,192765,714
1453665290064,661,HTTP Request,200,OK,Objectify: read all entities 1-1,text,true,192765,604
1453665290745,770,HTTP Request,200,OK,Objectify: read all entities 1-1,text,true,192765,633
